acoustic blues,blues
blues rock,blues
blues shouter,blues
british blues,blues
canadian blues,blues
chicago blues,blues
classic blues,blues
classic female blues,blues
contemporary blues,blues
country blues,blues
dark blues,blues
delta blues,blues
detroit blues,blues
doom blues,blues
electric blues,blues
folk blues,blues
gospel blues,blues
harmonica blues,blues
hill country blues,blues
jump blues,blues
kansas city blues,blues
louisiana blues,blues
memphis blues,blues
modern blues,blues
new orleans blues,blues
new york blues,blues
piano blues,blues
piedmont blues,blues
punk blues,blues
ragtime blues,blues
rhythm blues,blues
soul blues,blues
st. louis blues,blues
swamp blues,blues
texas blues,blues
urban blues,blues
vaudeville,blues
west coast blues,blues
alternative country,country
americana,country
australian country,country
bakersfield sound,country
progressive blues,country
reactionary bluegrass,country
contemporary bluegrass,country
traditional bluegrass,country
blues country,country
cajun fiddle tunes,country
christian country,country
classic country,country
contemporary country,country
country gospel,country
country pop,country
country rap,country
country rock,country
country soul,country
cowboy,country
western,country
cowpunk,country
dansband,country
honky tonk,country
franco-country,country
gulf and western,country
hellbilly music,country
instrumental counrtry,country
lubbock sound,country
nashville sound,country
neotraditional country,country
outlaw country,country
progressive country,country
texas country,country
urban cowboy,country
western swing,country
4-beat,electronic
acid breaks,electronic
baltimore club,electronic
big beat,electronic
breakbeat hardcore,electronic
broken beat,electronic
florida breaks,electronic
nu skool breaks,electronic
breakcore,electronic
brostep,electronic
electro backbeat,electronic
electro grime,electronic
electro pop,electronic
chillstep,electronic
chillwave,electronic
crunk,electronic
club dance,electronic
club rave,electronic
darkcore,electronic
darkstep,electronic
drumfunk,electronic
drumstep,electronic
hardstep,electronic
jump up,electronic
liquid funk,electronic
neurofunk,electronic
raggacore,electronic
sambass,electronic
techstep,electronic
dubstep,electronic
liquid dub,electronic
regstep,electronic
balearic beat,electronic
chill out,electronic
dub music,electronic
dubtronica,electronic
ethnic electronica,electronic
moombahton,electronic
trip hop,electronic
electronic swing,electronic
garage,electronic
future garage,electronic
us garage,electronic
2-step,electronic
4x4,electronic
bassline,electronic
grime,electronic
speed garage,electronic
berlin school,electronic
electronic art music,electronic
electronic dance music,electronic
folktronica,electronic
freestyle music,electronic
glitch,electronic
idm,electronic
laptronica,electronic
skweee,electronic
soundart,electronic
synth core,electronic
glitch hop,electronic
glitch pop,electronic
hard dance,electronic
jackin house,electronic
jungle,electronic
oldschool jungle,electronic
darkside jungle,electronic
ragga jungle,electronic
speedcore,electronic
techno,electronic
acid techno,electronic
detroit techno,electronic
free tekno,electronic
ghettotech,electronic
minimal techno,electronic
nortec,electronic
technopop,electronic
trance,electronic
acid trance,electronic
classic trance,electronic
dark psy,electronic
dream trance,electronic
goa trance,electronic
dark psytrance,electronic
full on goa trance,electronic
psybreaks,electronic
psyprog,electronic
hard trance,electronic
progrssive trance,electronic
tech trance,electronic
uplifting trance,electronic
trap,electronic
8bit,electronic
ambient,electronic
ambient dub,electronic
ambient house,electronic
lo-fi,electronic
lo-fi beats,electronic
ambient techno,electronic
dark ambient,electronic
drone ambient,electronic
illbient,electronic
isolationism,electronic
lowercase,electronic
house,electronic
deep house,electronic
electo house,electronic
electronica house,electronic
ghost house,electronic
jazz house,electronic
spooky house,electronic
spooky funk house,electronic
spooky rock house,electronic
fun house,electronic
acid house,electronic
chicago house,electronic
dutch house,electronic
freestyle house,electronic
funk house,electronic
ghetto house,electronic
hard house,electronic
hip house,electronic
minimal house,electronic
progressive house,electronic
disco house,electronic
dream house,electronic
space house,electronic
japanese house,electronic
bounce house,electronic
bouncy house,electronic
scouse house,electronic
swing house,electronic
tech house,electronic
tribal house,electronic
tropical house,electronic
uk hard house,electronic
vocal house,electronic
vaporwave,electronic
hypnagogic,electronic
vektroid,electronic
mallsoft,electronic
vaporhop,electronic
protovapor,electronic
adult contemporary,pop
alternative pop,pop
alternative pop rock,pop
antiviral pop,pop
acoustic pop,pop
arab pop,pop
baroque,pop
britpop,pop
bubblegum pop,pop
chamber pop,pop
chanson,pop
christian pop,pop
dance pop,pop
dream pop,pop
jangle pop,pop
levenslied,pop
louisiana swamp pop,pop
mexican pop,pop
pop rap,pop
pop rock,pop
pop punk,pop
power pop,pop
psychedelic pop,pop
city pop,pop
schlager,pop
space age pop,pop
sunshine pop,pop
surf pop,pop
vispop,pop
dance punk,pop
dance rock,pop
dark wave,pop
electroclash,pop
electronicore,pop
electropunk,pop
ethereal wave,pop
indietronica,pop
new rave,pop
space rock,pop
synth pop,pop
synth punk,pop
eurodance,pop
bubblegum dance,pop
turbofolk,pop
alternative rock,rock
art punk,rock
madchester,rock
afro punk,rock
britpunk,rock
college rock,rock
crossover thrash,rock
crust punk,rock
experimental rock,rock
folk punk,rock
punk,rock
goth,rock
gothic rock,rock
emo,rock
ska punk,rock
grunge,rock
post-grunge,rock
industrial,rock
noise rock,rock
art rock,rock
arena rock,rock
symphonic rock,rock
rap rock,rock
album rock,rock
british invasion,rock
industrial rock,rock
electronic rock,rock
british rock,rock
reggae rock,rock
funk rock,rock
rock blues,rock
cock rock,rock
glam rock,rock
math rock,rock
post rock,rock
shoegaze,rock
post-hardcore,rock
hard rock,rock
modern rock,rock
progressive rock,rock
rock and roll,rock
rockabilly,rock
roots rock,rock
southern rock,rock
stoner rock,rock
surf rock,rock
yacht rock,rock
classic rock,rock
soft rock,rock
acid rock,rock
psychedelic rock,rock
black metal,metal
rap metal,metal
alternative metal,metal
nu metal,metal
death metal,metal
deathcore,metal
djent,metal
doom metal,metal
drone,metal
folk metal,metal
glam metal,metal
gothic metal,metal
grindcore,metal
groove metal,metal
hair metal,metal
hardcore metal,metal
hard metal,metal
heavy metal,metal
industrial metal,metal
kawaii metal,metal
math metal,metal
mathcore,metal
metalcore,metal
modern metal,metal
neoclassical metal,metal
pagan metal,metal
pirate metal,metal
post hardcore,metal
post metal,metal
power metal,metal
progressive metal,metal
sludge,metal
speed metal,metal
stoner metal,metal
symphonic metal,metal
technical death metal,metal
thrash metal,metal
viking metal,metal
chap hop,hip-hop
christian hip hop,hip-hop
conscious hip hop,hip-hop
grunk,hip-hop
crunkcore,hip-hop
rap,hip-hop
east-coast rap,hip-hop
dirty south,hip-hop
alternative rap,hip-hop
old school rap,hip-hop
underground rap,hip-hop
west coast rap,hip-hop
east coast hip hop,hip-hop
brick city club,hip-hop
hardcore hip hop,hip-hop
mafioso rap,hip-hop
new jersey hip hop,hip-hop
freestyle rap,hip-hop
g-funk,hip-hop
gangster rap,hip-hop
hip pop,hip-hop
industrial hip hop,hip-hop
instrumental hip hop,hip-hop
jazz rap,hip-hop
low bap,hip-hop
lyrical hip hop,hip-hop
midwest hip hop,hip-hop
chicago hip hop,hip-hop
detroit hip hop,hip-hop
st. louis hip hop,hip-hop
twin cities hip hop,hip-hop
new jack swing,hip-hop
new school hip hop,hip-hop
turntablism,hip-hop
alternative folk,folk
contemporary folk,folk
indie folk,folk
folk rock,folk
traditional folk,folk
american folk revival,folk
anti-folk,folk
british folk revival,folk
filk music,folk
freak folk,folk
industrial folk,folk
neofolk,folk
folk pop,folk
progressive folk,folk
psychadelic folk,folk
techno-folk,folk
avant-garde,classical
ballet,classical
cantata,classical
string quartet,classical
chant,classical
choral,classical
concerto,classical
concerto grosso,classical
contemporary classical,classical
expressionist,classical
high classical,classical
modern composition,classical
modern classical,classical
opera,classical
orchestral,classical
organum,classical
renaissance,classical
sonata,classical
symphonic,classical
symphony,classical
acid jazz,jazz
afro-cuban jazz,jazz
bebop,jazz
big band,jazz
blue note,jazz
british dance band,jazz
cape jazz,jazz
chamber jazz,jazz
contemporary jazz,jazz
cool jazz,jazz
crossover jazz,jazz
dark jazz,jazz
dixieland,jazz
early jazz,jazz
ethio jazz,jazz
ethno jazz,jazz
european free jazz,jazz
funk jazz,jazz
free jazz,jazz
fusion,jazz
gypsy jazz,jazz
bop,jazz
hard bop,jazz
neo bop,jazz
post bop,jazz
indo jazz,jazz
jazz fusion,jazz
jazz rock,jazz
kansas city jazz,jazz
modal jazz,jazz
neo-swing,jazz
nu jazz,jazz
punk jazz,jazz
ragtime jazz,jazz
ska jazz,jazz
smooth jazz,jazz
soul jazz,jazz
swing jazz,jazz
straight-ahead jazz,jazz
trad jazz,jazz
third stream,jazz
west coast jazz,jazz
contemporary r&b,jazz
disco,jazz
funk,jazz
modern soul,jazz
neo-soul,jazz
northern soul,jazz
psychadelic soul,jazz
southern soul,jazz
soul,jazz
motown,jazz
quiet storm,jazz
roots reggae,reggae
reggae fusion,reggae
raggamuffin,reggae
ragga,reggae
dancehall raggamuffin,reggae
ska jazz,reggae
rocksteady,reggae
ska,reggae
comedy,other
jazz funk,r&b
retro soul,r&b
soul,r&b
funk,r&b